{
  "project_info": {
    "project_number": "1014013009051",
    "project_id": "landmark-8jr2q6",
    "storage_bucket": "landmark-8jr2q6.firebasestorage.app"
  },
  "client": [
    {
      "client_info": {
        "mobilesdk_app_id": "1:1014013009051:android:b7e4239d9d78e71ee6fa3e",
        "android_client_info": {
          "package_name": "com.mycompany.landmark"
        }
      },
      "oauth_client": [],
      "api_key": [
        {
          "current_key": "AIzaSyBOIRZpsu5SODS3Ty9fqD-lWkNhMomh-6w"
        }
      ],
      "services": {
        "appinvite_service": {
          "other_platform_oauth_client": []
        }
      }
    }
  ],
  "configuration_version": "1"
}